{"name":"export_map_01_02","width":1920,"height":528,"cellSize":16,"tilesetLayers":[{"assetName":"tileset_floor","layerName":"layer_tileset_floor","level":1,"depth":100,"tileSize":16,"data":["0","0","0","0","0","0","0","0","0","0","0","0","0","0","0","0","0","0","0","0","0","0","0","0","0","0","0","0","0","0","0","0","0","0","0","0","0","0","0","0","0","0","0","0","0","0","0","0","0","0","0","0","0","0","0","0","0","0","0","0","0","0","0","0","0","0","0","0","0","0","0","0","0","0","0","0","0","0","0","0","0","0","0","0","0","0","0","0","0","0","0","0","0","0","0","0","0","0","0","0","0","0","0","0","0","0","0","0","0","0","0","0","0","0","0","0","0","0","0","0","0","0","0","0","0","0","0","0","0","0","0","0","0","0","0","0","0","0","0","0","0","0","0","0","0","0","0","0","0","0","0","0","0","0","0","0","0","0","0","0","0","0","0","0","0","0","0","0","0","0","0","0","0","0","0","0","0","0","0","0","0","0","0","0","0","0","0","0","0","0","0","0","0","0","0","0","0","0","0","0","0","0","0","0","0","0","0","0","0","0","0","0","0","0","0","0","0","0","0","0","0","0","0","0","0","0","0","0","0","0","0","0","0","0","0","0","0","0","0","0","0","0","0","0","0","0","0","0","0","0","0","0","0","0","0","0","0","0","0","0","0","0","0","0","16","18","17","18","20","0","0","0","0","16","18","17","18","20","0","0","0","0","0","0","0","0","0","0","0","0","0","0","0","16","18","19","17","18","19","17","18","19","20","0","0","0","0","0","0","0","0","0","0","0","0","0","0","0","0","0","0","0","0","0","0","0","0","0","0","0","0","0","16","17","17","20","0","0","0","0","0","16","17","20","0","0","0","0","0","0","0","0","0","0","0","0","0","0","0","0","0","0","0","0","0","0","0","0","0","0","0","0","0","0","0","0","0","0","0","0","0","0","0","0","32","34","33","34","36","0","0","0","0","32","34","33","34","36","0","0","0","0","16","20","0","0","0","0","0","0","16","18","19","96","34","35","33","34","35","33","34","35","113","17","18","19","0","0","0","0","0","0","0","0","0","0","0","0","0","0","0","0","0","0","0","0","0","0","0","0","16","17","96","33","33","36","0","0","0","0","0","32","33","36","0","0","0","0","0","0","0","0","0","0","0","0","0","0","0","0","0","0","0","0","0","0","0","0","0","0","0","0","0","0","0","0","0","16","18","17","18","20","0","0","0","0","0","0","0","0","0","0","0","0","0","0","0","0","0","0","0","0","32","97","17","18","20","0","0","0","32","34","35","0","0","0","0","0","0","0","0","0","32","33","34","35","0","0","0","0","0","0","0","0","0","0","0","0","0","0","0","0","0","0","0","0","0","0","0","52","32","33","36","0","0","0","0","0","0","0","0","0","0","0","0","0","17","20","0","0","0","0","0","0","0","0","0","0","0","0","0","0","0","0","0","0","0","0","0","0","0","0","0","0","0","0","0","32","34","33","34","36","0","0","0","0","0","0","0","0","0","0","0","0","0","0","0","0","0","0","0","0","0","32","33","34","36","0","0","0","0","0","0","0","0","0","0","0","0","0","0","0","0","0","0","0","0","0","0","0","0","0","0","0","0","0","0","0","0","0","0","0","0","0","0","0","0","0","52","68","0","0","0","0","0","0","0","0","0","0","0","0","0","0","0","0","33","97","17","20","0","0","0","0","0","0","0","0","0","0","0","0","0","0","0","0","0","0","0","0","0","0","16","18","20","0","0","0","0","0","0","0","0","0","0","0","0","0","0","0","0","0","0","0","0","0","0","0","0","16","17","17","20","0","0","0","0","0","0","0","0","0","0","0","0","0","0","0","0","0","0","0","0","0","0","0","0","0","0","0","0","0","0","0","0","0","0","0","0","0","0","0","0","0","0","0","0","0","68","0","0","0","0","0","0","0","0","0","0","0","0","0","0","0","0","0","0","32","33","36","0","0","0","0","0","16","18","19","20","0","0","0","0","0","0","0","0","0","0","0","0","0","32","34","36","0","0","0","0","0","0","0","0","0","0","0","0","0","0","0","0","0","0","0","0","0","0","0","16","96","33","33","36","0","0","0","0","0","0","0","0","0","0","0","0","0","0","0","0","0","0","0","0","16","18","19","17","18","20","0","0","0","0","0","0","0","0","0","0","0","0","0","0","0","0","0","0","16","20","0","0","0","0","0","0","0","0","0","0","0","0","0","0","0","0","0","0","0","0","0","0","0","0","0","0","32","34","35","36","0","0","0","0","0","0","0","0","0","0","0","0","0","0","0","0","0","0","0","0","0","0","0","0","0","0","0","0","0","0","0","0","0","0","0","0","0","0","0","32","36","0","0","0","0","0","0","0","0","0","16","17","17","20","0","0","0","0","0","0","0","0","16","17","96","34","35","33","34","36","0","0","0","0","0","0","0","0","0","0","0","0","0","0","0","0","0","52","32","36","0","0","0","0","0","0","0","0","0","0","0","0","0","0","0","0","0","0","0","0","0","0","0","0","0","0","0","0","0","0","0","0","0","0","0","0","0","0","0","0","0","0","0","0","0","0","0","0","0","0","0","0","0","0","0","0","0","0","0","0","0","0","0","0","0","0","0","0","0","0","0","0","0","0","0","0","0","0","0","16","96","33","33","36","0","0","0","0","0","0","16","17","96","33","68","0","0","0","0","0","0","0","0","0","0","0","0","0","0","0","0","0","0","0","0","0","52","68","0","0","0","0","0","0","0","0","0","0","0","0","0","0","0","0","0","0","0","0","0","0","0","16","20","0","0","0","0","0","0","0","0","0","0","0","52","0","52","0","0","0","0","0","0","0","0","0","0","0","0","0","0","0","0","0","0","0","0","0","0","0","0","0","0","0","0","0","0","0","0","0","0","0","0","0","0","0","0","0","16","96","68","0","0","0","0","0","0","0","16","17","96","33","36","0","0","0","0","0","0","0","0","0","0","0","0","0","0","0","0","0","0","0","0","0","16","20","68","0","0","0","0","0","0","0","0","0","0","0","0","0","0","0","0","0","0","0","0","0","0","0","0","32","98","17","20","0","0","0","0","0","0","0","0","0","68","52","68","0","0","0","0","0","0","0","0","0","0","16","17","18","19","20","0","0","0","0","0","0","0","0","0","0","0","0","0","0","0","0","0","0","0","0","0","0","0","0","16","17","96","36","0","0","0","0","0","0","0","16","96","33","68","0","0","0","0","0","0","0","0","0","0","0","0","0","0","0","0","0","0","0","0","0","0","16","96","36","0","0","0","0","0","0","0","0","0","0","0","0","0","0","0","0","0","0","0","0","0","0","0","0","0","0","32","33","36","0","0","0","0","0","0","0","0","0","0","68","0","0","0","0","0","0","0","0","0","0","0","32","33","34","35","36","0","0","0","0","0","0","0","0","0","0","0","0","0","16","17","18","20","0","0","16","17","17","18","19","96","33","68","0","0","0","0","0","0","0","0","32","36","0","0","0","0","0","0","0","0","0","0","0","0","0","0","0","0","0","0","0","0","0","0","0","0","32","68","0","0","0","0","0","0","0","0","0","0","0","16","18","19","20","0","0","0","0","0","0","0","0","0","0","0","0","0","0","0","0","0","0","0","0","0","0","0","0","0","0","0","0","0","0","0","0","0","0","0","0","0","0","0","0","0","0","0","16","17","18","19","17","18","19","20","0","0","16","17","96","33","34","36","0","0","32","33","33","34","35","36","0","0","0","0","0","0","0","0","0","0","0","0","0","0","0","0","0","0","0","0","0","0","0","0","0","0","0","0","0","0","0","0","0","0","0","0","0","0","0","0","0","0","0","0","0","0","0","0","0","32","34","35","36","0","0","0","0","0","0","0","0","0","0","0","0","0","0","0","0","0","0","16","20","0","0","0","0","0","0","0","0","0","0","0","0","16","18","19","18","20","0","0","0","0","0","0","32","33","34","35","33","34","35","36","0","0","32","33","36","0","0","0","0","0","0","0","0","0","0","0","0","0","0","0","0","0","0","0","0","0","0","0","0","0","0","0","0","0","0","0","0","0","0","0","16","18","18","20","0","0","0","0","0","0","0","0","0","0","0","0","0","0","0","0","0","16","17","17","20","0","0","0","0","0","0","0","0","0","0","0","0","0","0","0","0","0","0","0","0","0","16","96","36","0","0","0","0","0","0","0","0","0","0","16","17","96","34","35","34","36","0","0","0","0","0","0","0","0","0","0","0","0","0","0","0","0","0","0","0","0","0","0","0","0","0","0","0","0","0","0","0","0","0","0","0","0","0","0","0","0","0","0","0","0","0","0","0","0","0","0","16","18","19","18","96","34","34","36","0","52","0","0","0","0","0","0","0","0","0","0","0","0","0","0","0","32","33","33","36","0","0","0","0","0","0","0","0","0","0","0","0","0","0","0","0","0","0","0","0","16","96","36","0","0","0","0","0","0","0","0","0","0","16","96","33","68","0","0","0","0","0","0","0","0","0","0","0","0","0","0","0","0","0","0","0","0","0","0","0","0","0","0","0","0","0","0","0","0","0","0","0","0","0","0","0","0","0","0","0","0","0","0","0","0","0","0","0","0","16","20","32","34","35","34","36","0","0","0","0","68","0","0","0","0","0","0","0","0","0","0","0","0","0","0","0","0","0","0","0","0","0","0","0","0","0","0","0","0","0","0","0","0","0","0","0","0","0","0","0","32","36","0","0","0","0","0","0","0","0","0","0","0","32","36","0","0","0","0","0","0","0","0","0","0","0","0","0","0","0","0","0","0","0","0","0","0","0","0","0","0","0","0","0","0","0","0","0","0","0","0","0","0","0","0","0","0","0","0","0","0","0","0","0","0","0","0","0","16","96","36","0","0","0","0","0","0","0","0","0","0","0","0","0","0","0","0","0","0","16","20","0","0","0","0","0","0","0","0","0","0","0","0","0","0","0","0","0","0","0","0","0","0","0","0","0","0","0","0","0","0","0","0","0","0","0","0","0","0","0","0","0","16","20","0","0","0","0","0","0","0","0","0","0","0","0","0","0","0","0","0","0","0","0","0","0","0","0","0","0","0","0","0","0","0","0","0","0","0","0","0","0","0","0","0","0","0","0","0","0","0","0","0","0","0","0","0","16","96","36","0","0","0","0","0","0","0","0","0","0","0","0","0","0","0","0","0","0","0","32","36","0","0","0","0","0","0","0","0","0","0","0","0","0","0","0","0","0","0","0","0","0","0","0","0","0","0","0","0","0","0","0","0","0","0","0","0","0","0","0","0","0","32","68","0","0","0","0","0","0","0","0","0","0","0","0","0","16","18","19","20","0","0","0","0","0","0","0","0","0","0","0","0","0","0","0","0","0","0","0","0","0","0","0","0","0","0","0","0","0","0","0","0","0","0","0","16","96","68","0","0","0","0","0","0","0","0","0","0","0","0","0","0","0","0","0","0","0","0","0","0","0","0","0","0","0","0","0","0","0","0","0","0","0","0","0","0","0","0","0","0","0","0","0","0","16","17","18","19","20","0","0","0","0","0","0","0","0","0","0","0","0","0","0","0","0","0","0","0","0","0","0","16","18","19","17","18","96","34","35","36","0","0","0","0","0","0","0","16","18","19","20","0","0","0","0","0","0","0","0","0","0","0","0","0","0","0","0","0","0","0","0","0","0","0","16","96","68","0","0","0","0","0","0","0","0","0","0","0","16","17","18","20","0","0","0","0","0","0","0","0","0","0","0","0","0","0","0","0","0","0","0","16","17","18","19","20","0","0","0","0","0","0","0","0","32","33","34","35","97","17","18","20","0","0","0","0","0","0","0","0","0","0","0","0","0","0","0","0","16","18","19","96","34","35","33","34","68","0","0","0","0","0","0","0","0","0","0","32","34","35","36","0","0","0","0","0","0","0","0","0","0","0","0","0","0","0","0","0","0","0","0","0","0","0","32","36","0","0","0","0","0","0","0","0","0","0","16","17","96","33","34","36","0","0","0","16","20","0","0","0","0","0","0","16","17","18","19","17","17","18","19","96","33","34","35","36","0","0","0","0","0","0","0","0","0","0","0","0","32","33","34","36","0","0","0","0","0","0","0","0","0","0","0","0","0","0","0","0","32","34","35","36","0","0","0","0","0","0","0","0","0","0","16","17","20","0","0","0","0","0","0","0","0","0","0","0","0","0","0","0","0","0","0","0","0","0","0","0","0","0","0","0","0","0","0","0","0","0","0","0","0","0","0","0","0","0","32","33","0","0","0","0","0","0","0","32","36","0","0","0","0","0","0","32","33","34","35","33","33","34","35","0","0","0","0","0","0","0","0","0","0","0","0","0","0","0","0","0","0","0","0","0","0","0","0","0","0","0","0","0","0","0","0","0","0","0","0","0","0","0","0","0","0","0","0","0","0","0","0","0","0","0","32","33","36","0","0","0","0","0","0","0","0","0","0","0","0","0","0","0","0","0","0","0","0","0","0","0","0","0","0","0","0","0","0","0","0","0","0","0","0","0","0","0","0","0","0","0","0","0","0","0","0","0","0","0","0","0","0","0","0","0","0","0","0","0","0","0","0","0","0","0","0","0","0","0","0","0","0","0","0","0","0","0","0","0","0","0","0","0","0","0","0","0","0","0","0","0","0","0","0","0","0","0","0","0","0","0","0","0","0","0","0","0","0","0","0","0","0","0","0","0","0","0","0","0","0","0","0","0","0","0","0","0","0","0","0","0","0","0","0","0","0","0","0","0","0","0","0","0","0","0","0","0","0","0","0","0","0","0","0","16","20","0","0","0","0","0","0","0","0","0","0","0","0","0","0","0","0","0","0","0","0","0","0","0","0","0","0","0","0","0","0","0","0","0","0","0","0","0","0","0","0","0","0","0","0","0","0","0","0","0","0","0","0","0","0","0","0","0","0","0","0","0","0","0","0","0","0","0","0","0","0","0","0","0","0","0","0","0","0","0","0","0","0","0","0","0","0","0","0","0","0","0","0","0","0","0","0","0","0","0","0","0","0","0","0","0","0","0","0","0","0","0","0","0","0","0","0","0","0","32","36","0","0","0","0","0","0","0","0","0","0","0","0","0","0","0","0","0","0","0","0","0","0","0","0","0","0","0","0","0","0","0","0","0","0","0","0","0","0","0","0","0","0","0","0","0","0","0","0","0","0","0","0","0","0","0","0","0","0","0","0","0","0","0","0","0","0","0","0","0","0","0","0","0","0","0","0","0","0","0","0","0","0","0","0","0","0","0","0","0","0","0","0","0","0","0","0","0","0","0","0","0","0","0","0","0","0","0","0","0","0","0","0","0","0","0","0","0","16","20","0","0","0","0","0","16","17","20","0","0","0","0","0","0","0","0","0","0","0","0","0","0","0","0","0","0","0","0","0","0","0","0","0","0","0","0","0","0","0","0","0","0","0","0","0","0","0","0","0","0","0","0","0","0","0","0","0","0","0","0","0","0","0","0","0","0","0","0","0","0","0","0","0","0","0","0","0","0","0","0","0","0","0","0","0","0","0","0","0","0","0","0","0","0","0","0","0","0","0","0","0","0","0","0","0","0","0","0","0","0","0","0","0","0","0","0","0","16","96","36","0","0","0","0","16","96","33","36","0","0","0","0","0","0","0","0","0","0","0","0","0","0","0","0","0","0","0","0","0","0","0","0","0","0","0","0","0","0","0","0","0","0","0","0","0","0","0","0","0","0","0","0","0","0","0","0","0","0","0","0","0","0","0","0","0","0","0","0","0","0","0","0","0","0","0","0","0","0","0","0","0","0","0","0","0","0","0","0","0","0","0","0","0","0","0","0","0","0","0","0","0","0","0","0","0","0","0","0","0","0","0","16","17","17","17","17","17","96","36","0","0","0","0","0","32","36","0","0","0","0","0","0","0","0","0","0","0","0","0","0","0","0","0","0","0","0","0","0","0","0","0","0","0","0","0","0","0","0","0","0","0","0","0","0","0","0","0","0","0","0","0","0","0","0","0","0","0","0","0","0","0","0","0","0","0","0","0","0","0","0","0","0","0","0","0","0","0","0","0","0","0","0","0","0","0","0","0","0","0","0","0","0","0","0","0","0","0","0","0","0","0","0","0","0","0","0","0","0","0","0","0","32","33","33","33","33","33","36","0","0","0","0","16","18","20","0","0","0","0","0","0","0","0","0","0","0","0","0","0","0","0","0","0","0","0","0","0","0","0","0","0","0","0","0","0","0","0","0","0","0","0","0","0","0","0","0","0","0","0","0","0","0","0","0","0","0","0","0","0","0","0","0","0","0","0","0","0","0","0","0","0","0","0","0","0","0","0","0","0","0","0","0","0","0","0","0","0","0","0","0","0","0","0","0","0","0","0","0","0","0","0","0","0","0","0","0","0","0","0","0","0","0","0","0","0","0","0","0","0","0","0","0","32","34","36","0","0","0","0","0","0","0","0","0","0","0","0","0","0","0","0","0","0","0","0","0","0","0","0","0","0","0","0","0","0","0","0","0","0","0","0","0","0","0","0","0","0","0","0","0","0","0","0","0","0","0","0","0","0","0","0","0","0","0","0","0","0","0","0","0","0","0","0","0","0","0","0","0","0","0","0","0","0","0","0","0","0","0","0","0","0","0","0","0","0","0","0","0","0","0","0","0","0","0","0","0","0","0","0","0","0","0","0","0","0","0","0","0","0","0","0","0","0","0","0","0","0","0","0","0","0","0","0","0","0","0","0","0","0","0","0","0","0","0","0","0","0","0","0","0","0","0","0","0","0","0","0","0","0","0","0","0","0","0","0","0","0","0","0","0","0","0","0","0","0","0","0","0","0","0","0","0","0","0","0","0","0","0","0","0","0","0","0","0","0","0","0","0","0","0","0","0","0","0","0","0","0","0","0","0","0","0","0","0","0","0","0","0","0","0","0","0","0","0","0","0","0","0","0","0","0","0","0","0","0","0","0","0","0","0","0","0","0","0","0","0","0","0","0","0","0","0","0","0","0","0","0","0","0","0","0","0","0","0","0","0","0","0","0","0","0","0","0","0","0","0","0","0","0","0","0","0","0","0","0","0","0","0","0","0","0","0"]},{"assetName":"tileset_front","layerName":"layer_tileset_front_collision","level":2,"depth":200,"tileSize":16,"data":["169","169","169","169","169","169","169","204","201","201","202","0","0","0","0","0","0","0","0","0","0","0","0","0","0","0","0","0","0","0","0","0","0","0","0","0","0","0","0","0","0","0","0","0","0","0","0","0","0","0","0","0","0","0","0","0","0","0","0","0","0","0","0","0","0","0","0","0","0","0","0","0","0","0","0","0","0","0","0","0","0","0","0","0","0","0","0","0","0","0","0","0","0","0","0","0","0","0","0","0","0","0","0","0","0","0","0","0","0","200","201","201","205","169","169","169","169","169","169","169","169","169","169","169","169","204","201","202","0","0","0","0","0","0","0","0","0","0","0","0","0","0","0","0","0","0","0","0","0","0","0","0","0","0","0","0","0","0","0","0","0","0","0","0","0","0","0","0","0","0","0","0","0","0","0","0","0","0","0","0","0","0","0","0","0","0","0","0","0","0","0","0","0","0","0","0","0","0","0","0","0","0","0","0","0","0","0","0","0","0","0","0","0","0","0","0","0","0","0","0","0","0","0","0","0","0","0","0","0","0","0","0","200","205","169","169","169","169","169","169","169","169","169","169","204","202","0","0","0","0","0","0","0","0","0","0","0","0","0","0","0","0","0","0","0","0","0","0","0","0","0","0","0","0","0","0","0","0","0","0","0","0","0","0","0","0","0","0","0","0","0","0","0","0","0","0","0","0","0","0","0","0","0","0","0","0","0","0","0","0","0","0","0","0","0","0","0","0","0","0","0","0","0","0","0","0","0","0","0","0","0","0","0","0","0","0","0","0","0","0","0","0","0","0","0","0","0","0","0","0","0","0","0","200","201","205","169","169","169","169","169","169","169","204","202","0","0","0","0","0","0","0","0","0","0","0","0","0","0","0","0","0","0","0","232","269","137","267","234","0","0","0","0","232","269","137","137","138","0","0","0","0","0","0","0","0","0","0","0","0","0","0","0","136","137","137","137","137","137","137","137","137","138","0","0","0","0","0","0","0","0","0","0","0","0","0","0","0","0","0","0","0","0","0","0","0","0","0","0","0","0","0","136","137","137","138","0","0","0","0","0","136","137","138","0","0","0","0","0","0","0","0","0","0","0","200","201","205","169","169","169","169","204","202","0","0","0","0","0","0","0","0","0","0","0","0","0","0","0","0","0","0","0","0","0","200","201","202","0","0","0","0","0","0","200","201","201","299","234","0","0","0","136","138","0","0","0","0","0","0","232","269","137","237","169","169","169","169","169","169","169","169","236","137","137","138","0","0","0","0","0","0","0","0","0","0","0","0","0","0","0","0","0","0","0","0","0","0","0","0","136","137","237","169","204","202","0","0","0","0","0","200","201","239","137","138","0","0","0","0","0","0","0","0","0","0","0","200","205","169","169","169","170","0","0","0","0","0","0","0","0","0","0","0","0","0","0","232","269","137","267","234","0","0","0","0","0","0","0","0","0","0","0","0","0","0","0","0","0","0","0","0","168","236","137","267","234","0","0","0","0","200","201","205","169","169","169","169","169","169","204","201","201","201","201","202","0","0","0","0","0","0","0","0","0","0","0","0","0","0","0","0","0","0","0","0","0","0","0","136","237","169","169","204","202","0","0","0","0","0","0","0","0","200","205","236","137","138","0","0","0","0","0","0","0","0","0","0","168","169","169","169","170","0","0","0","0","0","0","0","0","0","0","0","0","0","0","0","200","201","202","0","0","0","0","0","0","0","0","0","0","0","0","0","0","0","0","0","0","0","0","0","168","169","204","202","0","0","0","0","0","0","0","200","205","169","169","204","201","201","202","0","0","0","0","0","0","0","0","0","0","0","0","0","0","0","0","0","0","0","0","0","0","0","0","0","0","0","136","237","169","204","201","202","0","0","0","0","0","0","0","0","0","0","200","205","169","236","137","138","0","0","0","0","0","0","0","0","168","169","169","169","170","0","0","0","0","0","0","0","0","0","136","137","138","0","0","0","0","0","0","0","0","0","0","0","0","0","0","0","0","0","0","0","0","0","0","0","0","136","137","137","237","204","202","0","0","0","0","0","0","0","0","0","200","205","204","202","0","0","0","0","0","0","0","0","0","0","0","0","0","0","0","0","0","0","0","0","0","0","0","0","0","0","0","0","0","0","168","169","204","202","0","0","0","0","0","0","0","0","0","0","0","0","0","200","205","169","169","236","138","0","0","0","0","136","137","137","237","169","169","169","170","0","0","0","0","0","0","0","0","0","200","205","236","138","0","0","0","0","0","0","0","0","0","0","0","0","0","0","0","0","0","0","0","0","0","0","232","301","201","201","201","202","0","0","0","0","0","0","0","0","0","0","0","142","202","0","0","0","0","0","0","136","137","137","137","137","138","0","0","0","0","0","0","0","0","0","0","0","0","0","0","0","0","0","0","136","237","169","170","0","0","0","0","0","0","0","0","0","0","0","0","0","0","0","168","169","169","169","170","0","0","0","0","200","201","205","169","169","169","169","170","0","0","0","0","0","0","0","0","0","0","200","201","202","0","0","0","0","0","0","0","0","0","0","0","0","0","0","0","0","0","0","0","0","0","0","0","0","0","0","0","0","0","0","0","0","0","136","137","267","234","0","0","203","0","0","0","0","0","136","137","237","169","169","204","201","299","234","0","0","0","0","0","0","0","0","0","0","0","0","0","0","0","0","136","237","169","204","202","0","0","0","0","0","0","0","0","0","0","0","0","0","0","0","200","205","169","169","170","0","0","0","0","0","0","200","205","169","169","169","170","0","0","0","0","0","0","0","0","0","0","0","0","0","0","0","0","0","0","0","0","0","0","0","0","0","0","0","0","0","0","0","0","0","0","0","0","0","0","0","0","0","0","0","0","0","136","237","204","202","0","0","0","0","0","0","0","136","137","237","169","169","169","204","202","0","0","0","0","0","0","0","0","0","0","0","0","0","0","0","0","0","0","136","237","169","169","170","0","0","0","0","0","0","0","0","0","0","0","0","0","0","0","0","0","168","169","169","236","138","0","0","0","0","0","0","168","169","169","169","236","138","0","139","0","0","0","0","0","0","0","0","0","0","0","0","0","0","0","0","0","0","0","0","0","0","0","0","0","0","0","0","0","0","0","0","0","0","0","0","0","0","0","0","0","136","237","169","170","0","0","0","0","0","0","136","137","237","169","169","169","169","204","202","0","0","0","0","0","0","0","0","0","0","0","0","0","0","0","0","0","136","137","237","169","169","169","236","138","0","0","0","0","0","0","0","0","0","0","0","0","0","0","0","0","200","201","201","205","236","137","138","0","0","0","0","168","169","169","169","169","236","137","207","0","0","0","0","0","0","0","0","0","0","232","269","137","267","234","0","0","0","0","0","0","0","0","0","0","0","0","0","0","0","0","0","0","0","0","0","0","0","0","136","137","237","169","204","202","0","0","0","0","0","232","296","169","169","169","169","204","201","202","0","0","0","0","0","0","0","0","0","0","0","0","0","0","0","0","0","232","301","201","205","169","169","169","169","170","0","0","0","0","0","0","0","0","0","0","0","0","0","0","0","0","0","0","0","200","201","205","170","0","0","0","0","168","169","169","169","169","169","169","170","0","0","0","0","0","0","0","0","0","0","0","200","201","202","0","0","0","0","0","0","0","0","0","0","0","0","0","0","136","137","137","138","0","0","136","137","137","137","137","237","169","169","169","170","0","0","0","0","0","0","0","168","169","169","204","201","202","0","0","0","0","0","0","0","0","0","0","0","0","0","0","0","0","0","0","0","0","0","0","200","201","205","169","169","170","0","0","0","0","136","137","137","138","0","0","0","0","0","0","0","0","0","0","0","0","0","200","202","0","0","0","0","168","169","169","169","169","169","169","170","0","0","0","0","0","0","0","0","0","0","0","0","0","0","0","0","232","269","137","137","137","137","267","234","0","0","232","269","237","169","204","202","0","0","168","169","169","169","169","169","169","169","204","202","0","0","0","0","0","0","0","200","201","205","170","0","0","0","0","0","0","0","0","0","0","0","0","0","0","0","0","0","0","0","0","0","0","0","0","0","0","200","205","169","236","138","0","0","136","237","169","169","170","0","0","0","0","0","0","0","0","136","138","0","0","0","0","0","0","0","0","136","237","169","169","169","169","169","204","202","0","0","0","0","0","136","137","267","233","234","0","0","0","0","0","0","0","200","201","201","201","201","202","0","0","0","0","168","169","169","170","0","0","0","200","205","169","169","169","204","201","201","202","0","0","0","0","136","138","0","0","0","0","200","202","0","0","0","0","0","0","0","0","0","136","137","137","138","0","0","0","0","0","0","0","0","0","0","0","0","0","0","200","201","205","236","137","137","237","169","204","201","202","0","0","0","0","0","0","0","0","168","236","138","0","0","0","0","0","0","136","237","169","169","169","169","169","204","202","0","0","0","0","136","137","237","204","202","0","0","0","0","0","0","0","0","0","0","0","0","0","0","0","0","0","0","0","168","169","169","170","0","0","0","0","168","169","169","204","202","0","0","0","0","0","0","0","168","236","138","0","0","0","0","0","0","0","0","0","0","136","137","137","137","237","169","204","299","233","234","0","0","0","0","0","0","0","0","0","0","0","0","0","0","200","201","201","201","201","201","202","0","0","0","0","0","0","0","0","0","136","237","169","236","138","0","0","0","0","136","237","169","169","169","169","169","169","170","0","0","0","0","136","237","169","204","202","0","0","0","0","0","0","0","0","0","0","0","0","0","0","0","0","0","0","0","0","200","205","204","202","0","0","0","0","200","205","204","202","0","0","0","0","0","0","0","136","237","169","236","138","0","0","0","0","0","0","0","136","137","237","169","169","169","204","201","202","0","0","0","0","0","0","0","0","0","0","0","0","0","0","0","0","0","0","0","0","0","0","0","0","0","0","0","0","0","0","0","0","136","237","169","169","204","202","0","0","0","0","200","201","201","205","169","169","169","204","202","0","0","0","0","168","169","204","202","0","0","0","0","0","0","0","0","0","0","0","0","0","0","0","0","0","0","0","0","0","0","200","202","0","0","0","0","0","0","200","202","0","0","0","0","0","0","0","0","168","169","169","169","236","138","0","0","0","0","0","136","237","169","169","204","201","201","202","0","0","0","0","0","0","0","0","0","0","0","0","0","136","138","0","0","0","0","0","0","0","0","0","0","0","0","0","0","0","0","0","0","136","237","169","169","169","170","0","0","0","0","0","0","0","0","168","169","169","169","170","0","0","0","0","136","237","169","170","0","0","0","0","0","0","0","0","0","0","0","0","0","0","0","0","0","0","0","0","0","0","0","0","0","0","0","0","0","0","0","0","0","0","0","0","0","0","0","0","136","237","204","201","201","201","202","0","0","0","0","136","237","169","204","201","202","0","0","0","0","0","0","0","0","0","0","0","0","0","0","0","0","168","236","138","0","0","0","0","0","0","0","0","0","0","0","0","0","0","0","136","137","237","169","169","169","169","236","138","0","0","0","0","0","0","0","168","169","169","169","170","0","0","0","0","168","169","204","202","0","0","0","0","0","0","0","0","0","0","0","136","137","137","138","0","0","0","0","0","0","0","0","0","0","0","0","0","0","0","0","0","0","0","0","0","0","0","136","137","237","204","202","0","0","0","0","0","0","0","136","237","204","201","202","0","0","0","0","0","0","0","0","0","0","0","0","0","0","0","0","0","0","200","205","236","138","0","0","0","0","0","0","0","0","0","0","0","0","0","136","237","169","169","169","169","169","169","169","236","137","137","137","138","0","0","136","237","169","169","169","170","0","0","0","136","237","169","170","0","0","0","0","0","0","0","136","137","137","137","137","237","204","201","202","0","0","0","0","0","0","0","136","137","137","138","0","0","0","0","136","137","137","137","137","137","137","137","237","169","204","202","0","0","0","0","0","0","0","136","238","201","202","0","0","0","0","0","0","0","0","0","0","136","137","137","138","0","0","0","0","0","0","0","200","201","239","137","138","0","0","0","0","0","0","0","136","137","137","137","237","169","169","169","169","204","201","201","205","169","169","169","169","236","137","137","237","169","169","169","204","202","0","0","136","237","169","204","202","0","0","0","0","136","137","137","237","204","201","201","201","201","202","0","0","0","0","0","0","0","0","0","168","169","169","170","0","0","0","0","168","169","169","169","169","169","169","169","169","204","202","0","0","0","0","0","0","136","137","237","170","0","0","0","0","0","0","0","0","0","0","136","137","237","204","201","202","0","0","0","136","138","0","0","0","0","200","205","236","137","137","137","137","137","137","137","237","169","169","169","169","169","169","169","204","202","0","0","200","201","205","169","169","169","169","169","169","169","169","204","202","0","0","0","200","201","298","202","0","0","0","0","0","168","169","204","201","202","0","0","0","0","0","0","0","0","0","232","233","234","0","0","168","169","169","170","0","0","0","0","200","205","169","169","169","169","169","169","169","170","0","0","0","0","0","0","136","237","169","204","202","0","0","0","0","0","0","0","0","0","0","200","201","201","202","0","0","0","0","0","168","236","138","0","0","0","0","200","205","169","169","169","169","169","169","169","169","169","169","169","169","204","201","201","202","0","0","0","0","0","200","201","201","205","169","169","169","169","169","170","0","0","0","0","0","0","203","0","0","0","0","0","232","301","201","202","0","0","0","0","0","0","0","0","0","0","0","0","0","0","0","0","168","169","169","170","0","0","0","0","0","200","205","169","169","169","169","169","204","202","0","0","0","0","0","0","168","169","169","170","0","0","0","0","0","0","0","0","0","0","0","0","0","0","0","0","0","0","0","136","237","169","170","0","0","0","0","0","200","205","169","169","169","169","169","204","201","201","201","201","201","202","0","0","0","0","0","0","0","0","0","0","0","168","169","169","169","169","169","170","0","0","0","0","0","0","0","0","0","0","0","0","0","0","0","0","0","0","0","0","0","0","0","0","0","0","0","0","0","0","0","136","237","169","169","170","0","0","0","0","0","0","200","205","169","169","169","204","202","0","0","0","0","0","0","136","237","169","204","202","0","0","0","0","0","0","136","138","0","0","0","0","0","0","0","0","0","0","136","237","169","169","170","0","0","0","0","0","0","200","205","169","169","169","204","202","0","0","0","0","0","0","0","0","0","0","0","0","0","0","0","0","0","200","205","169","169","169","169","170","0","0","0","0","0","0","0","0","0","0","0","0","0","0","0","0","0","0","0","0","0","0","0","0","0","0","0","0","0","0","136","237","169","169","169","170","0","0","0","0","0","0","0","200","201","201","201","202","0","0","0","0","0","0","136","237","169","204","202","0","0","0","0","0","0","0","168","170","0","0","0","0","0","0","0","0","0","0","168","169","169","169","236","138","0","0","0","0","0","0","200","201","201","201","202","0","0","0","0","0","0","0","0","0","0","0","0","0","0","0","0","0","0","0","168","169","169","169","169","236","138","0","0","0","0","0","0","0","0","0","0","0","0","0","0","0","0","0","0","0","0","136","138","0","0","0","0","0","136","137","237","169","169","169","204","202","0","0","0","0","0","0","0","0","0","0","0","0","0","0","0","0","0","136","237","169","169","170","0","0","0","0","0","0","0","136","237","170","0","0","0","0","136","137","138","0","0","136","237","169","169","169","169","236","137","138","0","0","0","0","0","0","0","0","0","0","0","0","0","0","0","0","0","0","0","0","0","136","138","0","0","0","0","0","168","169","169","169","169","169","170","0","0","0","136","137","138","0","0","0","0","0","0","0","0","0","0","0","0","136","137","237","236","138","0","0","136","137","237","169","169","169","169","204","202","0","0","0","0","0","0","0","0","0","0","0","0","0","0","0","0","0","136","237","169","169","169","236","138","0","0","0","0","0","136","237","169","170","0","0","0","136","237","169","236","137","137","237","169","169","169","169","169","169","169","236","137","138","0","0","0","0","0","0","0","0","0","139","0","0","0","136","138","0","0","0","0","168","236","138","0","0","0","136","237","169","169","169","169","169","236","138","0","136","237","169","236","137","137","138","0","0","0","0","0","0","0","136","137","237","169","169","169","236","137","137","237","169","169","169","169","169","204","202","0","0","0","0","0","0","0","0","0","0","0","0","0","0","0","0","0","136","237","169","169","169","169","169","236","137","137","137","137","137","237","169","169","170","0","0","0","168","169","169","169","169","169","169","169","169","169","169","169","169","169","169","169","236","137","138","0","0","0","0","0","0","136","266","138","0","136","237","236","138","0","0","136","237","169","236","138","0","0","168","169","169","169","169","169","169","169","236","137","237","169","169","169","169","169","236","137","137","137","137","137","137","137","237","169","169","169","169","169","169","169","169","169","169","169","169","169","204","202","0","0","0","0","0","0","0","0","0","0","0","0","0","0","0","136","137","137","237","169","169","169","169","169","169","169","169","169","169","169","169","169","169","169","170","0","136","137","237","169","169","169","169","169","169","169","169","169","169","169","169","169","169","169","169","169","236","137","137","137","137","137","137","237","169","236","137","237","169","169","236","137","137","237","169","169","169","236","137","137","237","169","169","169","169","169","169","169","169","169","169","169","169","169","169","169","169","169","169","169","169","169","169","169","169","169","169","169","169","169","169","169","169","169","169","169","169","204","202","0","0","0","0","0","0","0","0","136","137","137","137","137","137","137","137","237","169","169","169","169","169","169","169","169","169","169","169","169","169","169","169","169","169","169","236","137","237","169","169","169","169","169","169","169","169","169","169","169","169","169","169","169","169","169","169","169","169","169","169","169","169","169","169","169","169","169","169","169","169","169","169","169","169","169","169","169","169","169","169","169","169","169","169","169","169","169","169","169","169","169","169","169","169","169","169","169","169","169","169","169","169","169","169","169","169","169","169","169","169","169","169","169","169","169","169","169","169","170","0","0","0","0","0","0","0","136","137","237","169","169","169","169","169","169","169","169","169","169","169","169","169","169","169","169","169","169","169","169","169","169","169","169","169","169","169","169","169","169","169","169","169","169","169","169","169","169","169","169","169","169","169","169","169","169","169","169","169","169","169","169","169","169","169","169","169","169","169","169","169","169","169","169","169","169","169","169","169","169","169","169","169","169","169","169","169","169"]},{"assetName":"tileset_back","layerName":"layer_tileset_back","level":3,"depth":300,"tileSize":16,"data":["0","0","0","0","0","168","169","169","169","204","202","0","0","0","0","0","0","0","0","0","0","0","0","0","0","0","0","0","0","0","0","0","0","0","0","0","0","0","0","0","0","0","0","0","0","0","0","0","0","0","0","0","0","0","0","0","0","0","0","0","0","0","0","0","0","0","0","0","0","0","0","0","0","0","0","0","0","0","0","0","0","0","0","0","0","0","0","0","0","0","0","0","0","0","0","0","0","0","0","0","0","0","0","0","0","0","0","0","0","200","205","169","170","0","0","0","0","0","0","0","0","0","0","136","137","237","169","204","201","202","0","0","0","0","0","0","0","0","0","0","0","0","0","0","0","0","0","0","0","0","0","0","0","0","0","0","0","0","0","0","0","0","0","0","0","0","0","0","0","0","0","0","0","0","0","0","0","0","0","0","0","0","0","0","0","0","0","0","0","0","0","0","0","0","0","0","0","0","0","0","0","0","0","0","0","0","0","0","0","0","0","0","0","0","0","0","0","0","0","0","0","0","0","0","0","0","0","0","0","0","200","201","239","138","0","0","0","0","0","0","0","0","136","237","169","169","204","202","0","0","0","0","0","0","0","0","0","0","0","0","0","0","0","0","0","0","0","0","0","0","0","0","0","0","0","0","0","0","0","0","0","0","0","0","0","0","0","0","0","0","0","0","0","0","0","0","0","0","0","0","0","0","0","0","0","0","0","0","0","0","0","0","0","0","0","0","0","0","0","0","0","0","0","0","0","0","0","0","0","0","0","0","0","0","0","0","0","0","0","0","0","0","0","0","0","0","0","0","0","0","0","0","200","239","137","138","0","0","0","0","0","0","168","169","169","204","202","0","0","0","0","0","0","0","0","0","0","0","0","0","0","0","0","0","136","137","137","137","138","0","0","0","0","136","137","137","137","138","0","0","0","0","0","0","0","0","0","0","0","0","0","0","0","0","0","0","0","0","0","0","0","0","0","0","0","0","0","0","0","0","0","0","0","0","0","0","0","0","0","0","0","0","0","0","0","0","0","0","0","0","0","0","0","0","0","0","0","0","0","0","0","0","0","0","0","0","0","0","0","0","0","0","0","200","201","299","269","138","0","0","0","0","168","169","169","170","0","0","0","0","0","0","0","0","0","0","0","0","0","0","0","0","0","0","200","205","169","169","170","0","0","0","0","200","205","169","169","236","138","0","0","0","139","0","0","0","0","0","0","0","136","138","0","0","0","0","0","0","0","0","0","0","0","136","137","138","0","0","0","0","0","0","0","0","0","0","0","0","0","0","0","0","0","0","0","0","0","0","0","0","0","0","0","0","136","138","0","0","0","0","0","136","137","138","0","0","0","0","0","0","0","0","0","0","0","0","200","239","138","0","0","0","168","169","169","170","0","0","0","0","0","0","0","0","0","0","0","136","137","137","137","138","0","0","0","168","169","204","202","0","0","0","0","0","200","205","169","169","236","138","0","0","171","0","0","136","138","0","0","0","200","239","137","138","0","0","0","0","0","0","136","267","233","296","169","170","0","0","0","0","0","0","0","0","0","0","0","0","0","0","0","0","0","0","0","0","0","0","0","0","136","137","137","137","237","170","0","0","0","0","0","168","169","236","137","138","0","0","0","0","0","0","0","0","0","0","0","168","170","0","0","0","168","169","169","170","0","0","0","0","0","0","0","0","0","0","0","200","205","169","169","170","0","0","0","200","205","170","0","0","0","0","0","0","0","200","201","205","169","236","137","137","207","0","0","200","239","138","0","0","0","200","201","239","138","0","0","136","138","0","168","170","0","200","205","236","138","0","0","0","0","0","0","0","0","0","0","0","0","0","0","0","0","0","0","0","0","0","0","0","168","169","169","169","169","170","0","0","0","0","136","237","169","169","169","236","138","0","232","141","0","0","0","0","0","0","0","200","143","0","0","0","168","169","204","202","0","0","0","0","0","0","136","138","0","0","0","0","200","205","204","202","0","0","0","0","168","170","0","0","0","0","0","0","0","0","0","200","205","169","169","169","236","137","138","0","200","239","137","138","0","0","0","200","239","137","137","237","170","0","200","239","138","0","200","205","236","138","0","0","0","0","0","0","0","0","0","0","0","0","0","0","0","0","0","0","0","0","0","136","237","169","169","169","169","170","0","0","0","0","200","201","205","169","169","169","170","0","0","206","137","138","0","0","0","0","0","0","203","0","0","0","168","169","170","0","0","0","0","0","0","0","168","236","137","138","0","0","0","168","170","0","0","0","0","0","168","170","0","0","0","0","0","0","0","0","0","0","200","205","169","204","201","205","236","138","0","200","201","239","137","138","0","0","200","205","169","169","236","138","0","168","170","0","0","168","169","236","138","0","0","0","0","0","0","0","0","0","0","0","0","0","0","0","0","0","0","0","0","168","169","169","169","169","169","170","0","0","0","0","0","0","168","169","169","169","236","137","137","237","169","236","138","0","0","232","269","138","0","0","0","0","168","169","170","0","0","0","0","0","0","0","200","205","169","170","0","0","136","237","170","0","0","0","0","0","168","236","138","0","0","0","0","0","0","0","0","0","0","200","205","170","0","200","201","239","138","0","0","200","205","297","234","0","0","200","205","169","169","170","0","168","170","0","0","168","169","169","236","138","0","0","0","0","0","0","0","0","0","0","0","0","0","0","0","0","0","0","0","168","169","169","169","169","169","236","267","234","0","0","0","0","200","205","169","169","169","169","169","169","169","169","236","138","0","0","200","239","138","0","0","0","168","169","170","0","0","0","0","0","0","0","0","200","201","239","137","137","237","204","202","0","0","0","0","0","168","169","170","0","0","0","0","0","0","0","0","0","0","0","168","236","138","0","0","168","236","137","138","0","168","170","0","0","0","0","168","169","169","170","0","168","170","0","0","168","169","169","204","202","0","0","0","0","0","0","0","0","0","0","0","0","0","0","0","0","0","0","0","168","169","169","169","169","169","169","170","0","0","0","0","0","0","200","201","201","205","169","169","169","169","169","169","170","0","0","0","168","170","0","0","0","168","169","236","138","0","0","0","0","0","0","0","0","0","200","205","169","169","170","0","0","0","0","0","136","237","169","170","0","0","0","0","0","0","0","0","0","0","0","200","205","236","138","0","168","169","169","236","137","237","236","138","0","0","0","168","169","204","202","0","168","236","137","137","237","169","169","170","0","0","0","0","0","0","0","0","0","0","0","0","0","0","0","0","136","138","0","0","168","169","169","169","169","169","169","236","137","137","137","138","0","0","0","0","0","200","201","205","169","169","169","169","170","0","0","0","168","170","0","0","0","200","298","201","202","0","0","0","0","0","0","0","0","0","0","168","169","169","236","138","0","0","0","0","168","169","169","170","0","0","0","0","0","0","0","0","0","0","0","0","168","169","236","137","237","204","201","205","169","169","169","170","0","0","0","168","169","170","0","0","168","169","169","169","169","169","169","170","0","0","0","0","0","0","0","0","0","0","0","0","0","0","0","136","237","170","0","0","168","169","169","169","169","169","169","169","169","169","169","297","234","0","0","0","0","0","0","200","201","205","169","169","170","0","0","136","237","170","0","0","0","0","203","0","0","0","0","0","0","0","0","0","0","0","136","237","169","169","204","202","0","0","0","0","168","169","169","170","0","0","0","0","0","0","0","0","139","0","0","0","200","201","201","201","201","202","0","168","169","169","169","170","0","0","0","168","169","236","137","137","237","169","169","204","201","201","205","236","137","138","0","0","0","0","0","0","0","0","0","0","0","0","0","200","205","236","137","137","237","169","169","169","169","169","169","169","169","169","169","170","0","0","0","0","136","138","0","0","0","200","201","205","236","138","0","168","169","170","0","0","0","0","0","0","235","0","0","0","0","0","0","136","137","137","237","169","204","201","202","0","0","136","137","137","237","169","169","236","138","0","0","136","138","0","0","136","207","0","0","0","0","0","0","0","0","0","0","168","169","169","169","236","138","0","136","237","169","169","169","169","169","204","201","202","0","0","168","169","169","236","137","137","138","0","0","0","0","0","0","0","0","0","0","0","168","169","169","169","169","169","169","169","169","169","169","169","169","169","169","236","138","0","0","136","237","236","137","137","138","0","0","200","201","239","137","237","204","202","0","137","137","137","267","234","0","0","0","0","0","0","136","237","169","169","169","204","202","0","0","0","0","200","205","169","169","169","169","204","202","0","0","200","143","0","0","168","170","0","0","0","0","0","0","136","137","137","137","237","204","201","205","169","236","137","237","169","169","204","201","201","201","202","0","0","136","137","237","169","169","169","169","169","236","138","0","0","0","0","0","0","0","0","0","0","200","201","205","169","169","169","169","169","169","169","169","169","169","169","169","204","202","0","136","237","169","169","169","169","236","137","138","0","0","168","169","169","170","0","0","169","169","204","202","0","0","0","0","0","0","136","237","169","169","169","204","202","0","0","0","0","0","0","200","205","169","169","204","202","0","0","0","0","171","0","0","168","170","0","0","0","0","0","0","168","169","169","204","201","202","0","168","169","169","204","201","205","204","202","0","0","0","0","0","136","237","204","201","201","205","169","169","169","169","236","138","0","0","0","0","0","0","0","0","0","0","0","200","205","169","169","169","169","169","169","169","169","169","169","204","202","0","136","237","169","169","169","169","169","169","169","236","138","0","168","169","169","236","137","137","169","169","170","0","0","0","0","0","0","232","296","169","169","169","204","202","0","0","0","0","0","0","0","0","168","169","169","170","0","0","0","0","0","206","137","137","238","202","0","0","0","0","136","137","237","204","201","202","0","0","0","168","169","204","202","0","168","170","0","0","0","0","136","137","237","169","170","0","0","168","169","169","204","201","201","202","0","0","0","0","0","0","0","0","0","139","0","0","168","169","169","169","169","169","169","169","169","169","204","202","0","0","168","169","169","169","169","169","169","169","169","169","170","0","168","169","169","169","169","169","169","169","236","138","0","0","0","0","0","0","168","169","169","169","170","0","0","0","0","0","0","0","0","0","200","205","169","236","138","0","0","0","0","200","205","204","202","0","0","0","0","0","168","169","169","170","0","0","0","136","137","237","169","170","0","0","168","170","0","0","0","136","237","204","201","205","236","137","137","237","169","169","170","0","0","0","0","0","0","0","0","0","0","0","0","206","137","137","237","169","169","169","169","169","169","169","204","201","202","0","136","137","237","169","169","169","169","169","169","169","169","169","236","137","237","169","169","169","169","169","169","169","169","170","0","0","0","0","0","136","237","169","204","201","202","0","0","0","0","0","0","0","0","0","0","168","169","169","236","138","0","0","0","0","200","202","0","0","0","0","0","0","168","169","169","236","137","137","137","237","169","169","169","236","137","137","237","170","0","0","0","168","169","170","0","168","169","169","204","201","201","201","202","0","0","0","0","0","0","0","0","0","0","0","0","168","169","169","169","169","169","169","169","169","169","169","170","0","0","136","237","169","169","169","169","169","169","169","169","169","169","169","169","169","169","169","169","169","169","169","169","169","169","236","138","0","0","0","136","237","169","204","202","0","0","0","0","0","0","0","0","0","0","136","137","237","169","169","169","236","138","0","0","0","0","0","0","0","0","0","0","136","237","169","169","169","169","169","169","169","169","169","169","169","169","204","201","143","0","0","136","237","169","236","137","238","201","201","202","0","0","0","0","0","0","0","0","0","0","0","0","0","0","0","0","168","169","169","169","169","169","169","169","169","169","169","236","137","137","237","169","169","169","169","169","169","169","169","169","169","169","169","169","169","169","169","169","169","169","169","169","169","169","169","236","137","137","137","237","169","169","170","0","0","0","0","0","0","136","137","138","0","0","168","169","169","169","169","169","169","236","137","137","138","0","235","0","0","0","0","0","200","205","169","169","169","169","169","169","169","169","169","169","169","204","202","0","206","138","0","168","169","169","204","201","202","0","0","0","0","0","0","0","0","0","0","0","0","0","0","0","0","0","0","0","168","169","169","169","169","169","169","169","169","169","169","169","169","169","169","169","169","169","169","169","169","169","169","169","169","169","169","169","169","169","169","169","169","169","169","169","169","169","169","169","169","169","169","169","169","169","236","138","0","0","136","137","137","237","169","236","137","137","237","169","169","169","169","169","169","169","169","169","170","0","0","136","138","0","0","0","0","200","201","201","201","205","169","169","169","169","169","169","169","170","0","0","168","236","137","237","169","169","170","0","0","0","0","0","0","0","0","0","0","0","136","137","137","137","138","0","0","136","137","137","237","169","169","169","169","169","169","169","169","169","169","169","169","169","169","169","169","169","169","169","169","169","169","169","169","169","169","169","169","169","169","169","169","169","169","169","169","169","169","169","169","169","169","169","169","169","169","236","137","137","237","169","169","169","169","169","169","169","169","169","169","169","169","169","169","169","169","169","170","0","0","168","170","0","0","0","235","0","0","0","0","168","169","169","169","169","169","169","169","170","0","136","238","201","205","169","169","169","170","0","0","0","0","0","0","0","0","136","137","267","301","205","169","169","236","137","137","237","169","169","169","169","169","169","169","169","169","169","169","169","169","169","169","169","169","169","169","169","169","169","169","169","169","169","169","169","169","169","169","169","169","169","169","169","169","169","169","169","169","169","169","169","169","169","169","204","201","205","169","169","169","169","169","169","169","169","169","169","169","169","169","169","169","169","169","169","169","169","170","0","232","296","170","0","0","0","0","136","138","0","0","168","169","169","169","169","204","201","205","236","137","237","170","0","168","169","169","169","170","0","0","0","0","0","0","0","0","168","169","170","0","200","205","169","169","204","201","201","205","169","169","169","169","169","169","169","169","169","169","169","169","169","169","169","169","169","169","169","169","169","169","169","169","169","169","169","169","169","169","169","169","169","169","169","169","169","169","169","169","169","169","169","169","169","204","202","0","168","169","169","169","169","169","169","169","169","169","169","169","169","169","169","169","169","169","169","204","201","202","0","0","168","170","0","0","0","0","168","236","138","0","168","169","169","169","204","202","0","168","169","169","169","170","0","168","169","169","169","236","138","0","0","0","0","0","0","0","142","201","239","138","0","168","169","169","170","0","0","168","169","169","169","169","169","169","169","169","169","169","169","169","169","169","169","169","169","169","169","169","169","169","169","169","169","169","169","169","169","169","169","169","169","169","169","169","169","169","169","169","169","169","169","169","204","202","0","0","168","169","169","169","169","169","169","169","169","169","169","169","169","169","169","169","169","169","169","170","0","0","0","0","168","170","0","0","0","0","200","205","236","137","237","169","169","169","170","0","136","237","169","204","201","202","0","168","169","169","169","169","236","137","138","0","0","0","0","136","207","0","168","170","0","168","204","201","202","0","0","168","169","169","169","169","169","169","169","169","169","169","169","169","169","169","169","169","169","169","169","169","169","169","169","169","169","169","169","169","169","169","169","169","169","169","169","169","169","169","169","169","169","169","169","169","170","0","136","137","237","169","169","169","169","169","169","169","169","169","169","169","169","169","169","169","169","204","201","202","0","0","0","136","237","236","138","0","0","0","0","200","205","169","169","169","169","169","236","137","237","169","169","170","0","0","0","168","169","169","169","169","204","201","299","269","137","137","267","301","239","137","237","236","137","237","170","0","0","0","0","168","169","169","169","169","169","169","169","169","169","169","169","169","169","169","169","169","169","169","169","169","169","169","169","169","169","169","169","169","169","169","169","169","169","169","169","169","169","169","169","169","169","169","169","169","236","137","237","169","169","169","169","169","169","169","169","169","169","169","169","169","169","169","169","169","169","170","0","0","0","0","136","237","169","169","170","0","0","0","0","0","168","169","169","169","169","169","169","169","169","204","201","202","0","136","137","237","169","169","169","169","170","0","0","168","169","204","202","0","142","201","201","201","201","201","202","0","0","0","0","168","169","169","169","169","169","169","169","169","169","169","169","169","169","169","169","169","169","169","169","169","169","169","169","169","169","169","169","169","169","169","169","169","169","169","169","169","169","169","169","169","169","169","169","169","169","169","169","169","169","169","169","169","169","169","169","169","169","169","169","169","169","169","169","169","169","170","0","0","0","136","237","169","169","169","170","0","0","0","0","0","168","169","169","169","169","169","169","169","169","170","0","0","0","200","201","201","201","201","201","201","202","0","0","168","169","170","0","136","207","0","0","0","0","0","0","0","0","0","0","168","169","169","169","169","169","169","169","169","169","169","169","169","169","169","169","169","169","169","169","169","169","169","169","169","169","169","169","169","169","169","169","169","169","169","169","169","169","169","169","169","169","169","169","169","169","169","169","169","169","169","169","169","169","169","169","169","169","169","169","169","169","169","169","169","169","236","137","137","137","237","169","169","169","169","236","138","0","0","0","0","168","169","169","169","169","204","201","201","201","202","0","0","0","0","0","0","0","0","0","0","0","0","0","168","169","236","267","301","202","0","0","0","0","0","0","0","0","0","0","168","169","169","169","169","169","169","169","169","169","169","169","169","169","169","169","169","169","169","169","169","169","169","169","169","169","169","169","169","169","169","169","169","169","169","169","169","169","169","169","169","169","169","169","169","169","169","169","169","169","169","169","169","169","169","169","169","169","169","169","169","169","169","169","169","169","204","201","205","169","169","169","169","169","169","169","236","138","0","0","0","142","201","205","169","169","170","0","0","0","0","0","0","0","0","0","0","0","0","0","0","0","0","0","168","169","169","170","0","0","0","0","0","0","0","0","0","0","0","0","200","201","201","201","201","201","201","201","201","201","201","201","201","205","169","169","169","169","169","169","169","169","169","169","169","169","169","169","169","169","169","169","169","169","169","169","169","169","169","169","169","169","169","169","169","169","169","169","169","169","169","169","169","169","169","169","169","169","169","169","169","169","169","169","169","169","170","0","168","169","169","169","169","169","169","169","169","236","137","138","0","171","0","168","169","169","170","0","0","0","0","0","0","0","0","0","0","0","0","0","0","0","0","0","168","169","169","170","0","0","0","0","0","0","0","0","0","0","0","0","0","0","0","0","0","0","0","0","0","0","0","0","0","168","169","169","169","169","169","169","169","169","169","169","169","169","169","169","169","169","169","169","169","169","169","169","169"]}],"mapInstances":[{"name":"SolidUp","xPos":192,"yPos":320,"xScale":1,"yScale":1,"angle":0,"spriteAsset":"asset_placeholder_solid_up","layerName":"Instances"},{"name":"SolidUp","xPos":192,"yPos":336,"xScale":1,"yScale":1,"angle":0,"spriteAsset":"asset_placeholder_solid_up","layerName":"Instances"},{"name":"SolidUp","xPos":192,"yPos":352,"xScale":1,"yScale":1,"angle":0,"spriteAsset":"asset_placeholder_solid_up","layerName":"Instances"},{"name":"SolidUp","xPos":192,"yPos":368,"xScale":1,"yScale":1,"angle":0,"spriteAsset":"asset_placeholder_solid_up","layerName":"Instances"},{"name":"SolidUp","xPos":192,"yPos":464,"xScale":1,"yScale":1,"angle":0,"spriteAsset":"asset_placeholder_solid_up","layerName":"Instances"},{"name":"SolidUp","xPos":192,"yPos":448,"xScale":1,"yScale":1,"angle":0,"spriteAsset":"asset_placeholder_solid_up","layerName":"Instances"},{"name":"SolidUp","xPos":192,"yPos":432,"xScale":1,"yScale":1,"angle":0,"spriteAsset":"asset_placeholder_solid_up","layerName":"Instances"},{"name":"SolidUp","xPos":192,"yPos":416,"xScale":1,"yScale":1,"angle":0,"spriteAsset":"asset_placeholder_solid_up","layerName":"Instances"},{"name":"SolidUp","xPos":192,"yPos":400,"xScale":1,"yScale":1,"angle":0,"spriteAsset":"asset_placeholder_solid_up","layerName":"Instances"},{"name":"SolidUp","xPos":192,"yPos":384,"xScale":1,"yScale":1,"angle":0,"spriteAsset":"asset_placeholder_solid_up","layerName":"Instances"},{"name":"SolidUp","xPos":928,"yPos":272,"xScale":1,"yScale":1,"angle":0,"spriteAsset":"asset_placeholder_solid_up","layerName":"Instances"},{"name":"SolidUp","xPos":928,"yPos":288,"xScale":1,"yScale":1,"angle":0,"spriteAsset":"asset_placeholder_solid_up","layerName":"Instances"},{"name":"SolidUp","xPos":928,"yPos":304,"xScale":1,"yScale":1,"angle":0,"spriteAsset":"asset_placeholder_solid_up","layerName":"Instances"},{"name":"SolidUp","xPos":928,"yPos":320,"xScale":1,"yScale":1,"angle":0,"spriteAsset":"asset_placeholder_solid_up","layerName":"Instances"},{"name":"SolidUp","xPos":928,"yPos":336,"xScale":1,"yScale":1,"angle":0,"spriteAsset":"asset_placeholder_solid_up","layerName":"Instances"},{"name":"SolidUp","xPos":1344,"yPos":336,"xScale":1,"yScale":1,"angle":0,"spriteAsset":"asset_placeholder_solid_up","layerName":"Instances"},{"name":"SolidUp","xPos":1344,"yPos":352,"xScale":1,"yScale":1,"angle":0,"spriteAsset":"asset_placeholder_solid_up","layerName":"Instances"},{"name":"SolidUp","xPos":1344,"yPos":368,"xScale":1,"yScale":1,"angle":0,"spriteAsset":"asset_placeholder_solid_up","layerName":"Instances"},{"name":"SolidUp","xPos":1344,"yPos":384,"xScale":1,"yScale":1,"angle":0,"spriteAsset":"asset_placeholder_solid_up","layerName":"Instances"},{"name":"SolidUp","xPos":1344,"yPos":400,"xScale":1,"yScale":1,"angle":0,"spriteAsset":"asset_placeholder_solid_up","layerName":"Instances"},{"name":"SolidUp","xPos":1776,"yPos":96,"xScale":1,"yScale":1,"angle":0,"spriteAsset":"asset_placeholder_solid_up","layerName":"Instances"},{"name":"SolidUp","xPos":1776,"yPos":112,"xScale":1,"yScale":1,"angle":0,"spriteAsset":"asset_placeholder_solid_up","layerName":"Instances"},{"name":"SolidUp","xPos":1776,"yPos":128,"xScale":1,"yScale":1,"angle":0,"spriteAsset":"asset_placeholder_solid_up","layerName":"Instances"},{"name":"SolidUp","xPos":1776,"yPos":144,"xScale":1,"yScale":1,"angle":0,"spriteAsset":"asset_placeholder_solid_up","layerName":"Instances"},{"name":"SolidUp","xPos":1584,"yPos":192,"xScale":1,"yScale":1,"angle":0,"spriteAsset":"asset_placeholder_solid_up","layerName":"Instances"},{"name":"SolidUp","xPos":1584,"yPos":208,"xScale":1,"yScale":1,"angle":0,"spriteAsset":"asset_placeholder_solid_up","layerName":"Instances"},{"name":"SolidUp","xPos":1584,"yPos":224,"xScale":1,"yScale":1,"angle":0,"spriteAsset":"asset_placeholder_solid_up","layerName":"Instances"},{"name":"SolidUp","xPos":1584,"yPos":240,"xScale":1,"yScale":1,"angle":0,"spriteAsset":"asset_placeholder_solid_up","layerName":"Instances"},{"name":"SolidUp","xPos":1584,"yPos":256,"xScale":1,"yScale":1,"angle":0,"spriteAsset":"asset_placeholder_solid_up","layerName":"Instances"},{"name":"SolidUp","xPos":1584,"yPos":272,"xScale":1,"yScale":1,"angle":0,"spriteAsset":"asset_placeholder_solid_up","layerName":"Instances"},{"name":"SolidUp","xPos":1584,"yPos":288,"xScale":1,"yScale":1,"angle":0,"spriteAsset":"asset_placeholder_solid_up","layerName":"Instances"},{"name":"SolidUp","xPos":1584,"yPos":304,"xScale":1,"yScale":1,"angle":0,"spriteAsset":"asset_placeholder_solid_up","layerName":"Instances"},{"name":"SolidUp","xPos":1584,"yPos":320,"xScale":1,"yScale":1,"angle":0,"spriteAsset":"asset_placeholder_solid_up","layerName":"Instances"},{"name":"Ladder","xPos":192,"yPos":320,"xScale":1,"yScale":1,"angle":0,"spriteAsset":"asset_placeholder_ladder","layerName":"Instances"},{"name":"Ladder","xPos":192,"yPos":336,"xScale":1,"yScale":1,"angle":0,"spriteAsset":"asset_placeholder_ladder","layerName":"Instances"},{"name":"Ladder","xPos":192,"yPos":352,"xScale":1,"yScale":1,"angle":0,"spriteAsset":"asset_placeholder_ladder","layerName":"Instances"},{"name":"Ladder","xPos":192,"yPos":368,"xScale":1,"yScale":1,"angle":0,"spriteAsset":"asset_placeholder_ladder","layerName":"Instances"},{"name":"Ladder","xPos":192,"yPos":464,"xScale":1,"yScale":1,"angle":0,"spriteAsset":"asset_placeholder_ladder","layerName":"Instances"},{"name":"Ladder","xPos":192,"yPos":448,"xScale":1,"yScale":1,"angle":0,"spriteAsset":"asset_placeholder_ladder","layerName":"Instances"},{"name":"Ladder","xPos":192,"yPos":432,"xScale":1,"yScale":1,"angle":0,"spriteAsset":"asset_placeholder_ladder","layerName":"Instances"},{"name":"Ladder","xPos":192,"yPos":416,"xScale":1,"yScale":1,"angle":0,"spriteAsset":"asset_placeholder_ladder","layerName":"Instances"},{"name":"Ladder","xPos":192,"yPos":400,"xScale":1,"yScale":1,"angle":0,"spriteAsset":"asset_placeholder_ladder","layerName":"Instances"},{"name":"Ladder","xPos":192,"yPos":384,"xScale":1,"yScale":1,"angle":0,"spriteAsset":"asset_placeholder_ladder","layerName":"Instances"},{"name":"Ladder","xPos":928,"yPos":272,"xScale":1,"yScale":1,"angle":0,"spriteAsset":"asset_placeholder_ladder","layerName":"Instances"},{"name":"Ladder","xPos":928,"yPos":288,"xScale":1,"yScale":1,"angle":0,"spriteAsset":"asset_placeholder_ladder","layerName":"Instances"},{"name":"Ladder","xPos":928,"yPos":304,"xScale":1,"yScale":1,"angle":0,"spriteAsset":"asset_placeholder_ladder","layerName":"Instances"},{"name":"Ladder","xPos":928,"yPos":320,"xScale":1,"yScale":1,"angle":0,"spriteAsset":"asset_placeholder_ladder","layerName":"Instances"},{"name":"Ladder","xPos":928,"yPos":336,"xScale":1,"yScale":1,"angle":0,"spriteAsset":"asset_placeholder_ladder","layerName":"Instances"},{"name":"Ladder","xPos":1344,"yPos":336,"xScale":1,"yScale":1,"angle":0,"spriteAsset":"asset_placeholder_ladder","layerName":"Instances"},{"name":"Ladder","xPos":1344,"yPos":352,"xScale":1,"yScale":1,"angle":0,"spriteAsset":"asset_placeholder_ladder","layerName":"Instances"},{"name":"Ladder","xPos":1344,"yPos":368,"xScale":1,"yScale":1,"angle":0,"spriteAsset":"asset_placeholder_ladder","layerName":"Instances"},{"name":"Ladder","xPos":1344,"yPos":384,"xScale":1,"yScale":1,"angle":0,"spriteAsset":"asset_placeholder_ladder","layerName":"Instances"},{"name":"Ladder","xPos":1344,"yPos":400,"xScale":1,"yScale":1,"angle":0,"spriteAsset":"asset_placeholder_ladder","layerName":"Instances"},{"name":"Ladder","xPos":1776,"yPos":96,"xScale":1,"yScale":1,"angle":0,"spriteAsset":"asset_placeholder_ladder","layerName":"Instances"},{"name":"Ladder","xPos":1776,"yPos":112,"xScale":1,"yScale":1,"angle":0,"spriteAsset":"asset_placeholder_ladder","layerName":"Instances"},{"name":"Ladder","xPos":1776,"yPos":128,"xScale":1,"yScale":1,"angle":0,"spriteAsset":"asset_placeholder_ladder","layerName":"Instances"},{"name":"Ladder","xPos":1776,"yPos":144,"xScale":1,"yScale":1,"angle":0,"spriteAsset":"asset_placeholder_ladder","layerName":"Instances"},{"name":"Ladder","xPos":1584,"yPos":192,"xScale":1,"yScale":1,"angle":0,"spriteAsset":"asset_placeholder_ladder","layerName":"Instances"},{"name":"Ladder","xPos":1584,"yPos":208,"xScale":1,"yScale":1,"angle":0,"spriteAsset":"asset_placeholder_ladder","layerName":"Instances"},{"name":"Ladder","xPos":1584,"yPos":224,"xScale":1,"yScale":1,"angle":0,"spriteAsset":"asset_placeholder_ladder","layerName":"Instances"},{"name":"Ladder","xPos":1584,"yPos":240,"xScale":1,"yScale":1,"angle":0,"spriteAsset":"asset_placeholder_ladder","layerName":"Instances"},{"name":"Ladder","xPos":1584,"yPos":256,"xScale":1,"yScale":1,"angle":0,"spriteAsset":"asset_placeholder_ladder","layerName":"Instances"},{"name":"Ladder","xPos":1584,"yPos":272,"xScale":1,"yScale":1,"angle":0,"spriteAsset":"asset_placeholder_ladder","layerName":"Instances"},{"name":"Ladder","xPos":1584,"yPos":288,"xScale":1,"yScale":1,"angle":0,"spriteAsset":"asset_placeholder_ladder","layerName":"Instances"},{"name":"Ladder","xPos":1584,"yPos":304,"xScale":1,"yScale":1,"angle":0,"spriteAsset":"asset_placeholder_ladder","layerName":"Instances"},{"name":"Ladder","xPos":1584,"yPos":320,"xScale":1,"yScale":1,"angle":0,"spriteAsset":"asset_placeholder_ladder","layerName":"Instances"},{"name":"JumpPad","xPos":1552,"yPos":80,"xScale":1,"yScale":1,"angle":-22.112110137939453,"spriteAsset":"asset_placeholder_jumppad","layerName":"Instances"},{"name":"JumpPad","xPos":1600,"yPos":128,"xScale":1,"yScale":1,"angle":15.221770286560059,"spriteAsset":"asset_placeholder_jumppad","layerName":"Instances"},{"name":"JumpPad","xPos":1552,"yPos":192,"xScale":1,"yScale":1,"angle":0,"spriteAsset":"asset_placeholder_jumppad","layerName":"Instances"},{"name":"JumpPad","xPos":1262,"yPos":73,"xScale":1,"yScale":1,"angle":53.121131896972656,"spriteAsset":"asset_placeholder_jumppad","layerName":"Instances"},{"name":"JumpPad","xPos":1345,"yPos":168,"xScale":1,"yScale":1,"angle":35.606540679931641,"spriteAsset":"asset_placeholder_jumppad","layerName":"Instances"},{"name":"JumpPad","xPos":1276,"yPos":128,"xScale":1,"yScale":1,"angle":-50.643810272216797,"spriteAsset":"asset_placeholder_jumppad","layerName":"Instances"},{"name":"JumpPad","xPos":1200,"yPos":192,"xScale":1,"yScale":1,"angle":-45.335929870605469,"spriteAsset":"asset_placeholder_jumppad","layerName":"Instances"},{"name":"JumpPad","xPos":1278,"yPos":311,"xScale":1,"yScale":1,"angle":-40.249271392822266,"spriteAsset":"asset_placeholder_jumppad","layerName":"Instances"},{"name":"JumpPad","xPos":162,"yPos":248,"xScale":1,"yScale":1,"angle":42.001621246337891,"spriteAsset":"asset_placeholder_jumppad","layerName":"Instances"},{"name":"JumpPad","xPos":780,"yPos":135,"xScale":1,"yScale":1,"angle":15.359049797058105,"spriteAsset":"asset_placeholder_jumppad","layerName":"Instances"},{"name":"JumpPad","xPos":508,"yPos":392,"xScale":1,"yScale":1,"angle":0,"spriteAsset":"asset_placeholder_jumppad","layerName":"Instances"},{"name":"JumpPad","xPos":408,"yPos":210,"xScale":1,"yScale":1,"angle":0,"spriteAsset":"asset_placeholder_jumppad","layerName":"Instances"},{"name":"JumpPad","xPos":128,"yPos":448,"xScale":1,"yScale":1,"angle":-31.644489288330078,"spriteAsset":"asset_placeholder_jumppad","layerName":"Instances"},{"name":"SpawnPoint","xPos":1088,"yPos":240,"xScale":1,"yScale":1,"angle":0,"spriteAsset":"asset_player_move","layerName":"Instances"},{"name":"SpawnPoint","xPos":1552,"yPos":176,"xScale":1,"yScale":1,"angle":0,"spriteAsset":"asset_player_move","layerName":"Instances"},{"name":"SpawnPoint","xPos":1792,"yPos":432,"xScale":1,"yScale":1,"angle":0,"spriteAsset":"asset_player_move","layerName":"Instances"},{"name":"SpawnPoint","xPos":784,"yPos":304,"xScale":1,"yScale":1,"angle":0,"spriteAsset":"asset_player_move","layerName":"Instances"},{"name":"SpawnPoint","xPos":560,"yPos":192,"xScale":1,"yScale":1,"angle":0,"spriteAsset":"asset_player_move","layerName":"Instances"},{"name":"SpawnPoint","xPos":208,"yPos":224,"xScale":1,"yScale":1,"angle":0,"spriteAsset":"asset_player_move","layerName":"Instances"}]}